care_p,fairness_p,loyalty_p,authority_p,sanctity_p,care_sent,fairness_sent,loyalty_sent,authority_sent,sanctity_sent,moral_nonmoral_ratio,f_var,sent_var
0.1123287485458959,0.10816266703023968,0.11029332383622428,0.10868967805436205,0.08391002233560854,-0.11031145439592913,-0.06489754835636964,-0.018388679553260727,-0.07386745375159733,-0.06703345979189251,0.8985507246376812,0.00013740279257679733,0.001072618904935877
0.1128117988252433,0.10630451955768862,0.10391141032778453,0.10435971278565012,0.0868252996635086,-0.09540706595186921,-0.03771524811858969,-0.009392880960575561,-0.03848627182459149,-0.058927001761835116,1.0980392156862746,9.284192725456724e-05,0.0010134062579755776
0.10452652820588752,0.10927840212654968,0.1003077512895389,0.10823032105672273,0.08352182660783686,-0.1367869531311681,-0.04377417820911617,-0.013028937575413206,-0.06178927583236991,-0.03277163430294384,0.7627118644067796,0.00010976551325093885,0.002270574929074792
0.10959857704274203,0.10796515833008508,0.0965706245267735,0.11072296092761282,0.08607777607043472,-0.15364890636172673,-0.07117995957713125,-0.05025944924369667,-0.11550085109697186,-0.09700841874426372,0.9387755102040817,0.0001130579964932565,0.001600346059254311
0.12210691161036777,0.10144377298918776,0.10522828469059885,0.10589039971150303,0.08481526108503788,-0.18147624128110218,-0.13772769211448374,-0.1235799683985421,-0.12064079779564527,-0.12396661798177633,0.8942731277533039,0.00017686948123816034,0.0006487779215356872
0.1034428980239818,0.10766266857520575,0.09718886016526383,0.1075375385809107,0.08701517794376364,-0.11398340538993318,-0.03634500604517994,-0.02844345325581424,-0.03782363758512277,-0.07893113551558917,0.9931506849315068,7.556784759412519e-05,0.0013289397967226409
0.0949505111385086,0.09854506478633716,0.09627908687812158,0.1051385931688663,0.08530822303580303,-0.1273956215230032,-0.06081569340445398,-0.051393782370078384,-0.04716354271506665,-0.09037197623125405,0.9766081871345029,5.136871007265141e-05,0.001128499694754734
0.09819362854503055,0.09558888031409392,0.0891213863351829,0.09209060368163834,0.0753868347580373,-0.09323158292164467,-0.030204892809032647,-0.019785911616736308,-0.038680572696496184,-0.09752347104177472,0.8529411764705882,7.925730823642865e-05,0.0013467834831235492
0.10620471512444041,0.097554526164305,0.09801927917188005,0.10875314313970075,0.07796198559607011,-0.04820075040850772,-0.006241392387768301,0.02897673926124344,0.00553038188101268,-0.028881313273939023,0.9137931034482759,0.0001460536147460675,0.0008975068015282359
0.09749441658322901,0.11156648720051171,0.09699207230850677,0.1033176244960151,0.08233195913180828,-0.09369912638950817,-0.04266312172106965,-0.012802370406689769,-0.027658112668558173,-0.058219320959739966,2.1881188118811883,0.00011462650019802622,0.0009672690508035061
0.1027572638672205,0.10346022287289504,0.09885365287454892,0.09974317521868628,0.0820066483759559,-0.027360160615850327,0.006560581706505707,0.039250658733605316,0.016185977535779248,8.212734354157021e-05,1.3142857142857143,7.749475439607825e-05,0.0005882855221669594
0.12842428034160683,0.1170175781508605,0.10880512888175317,0.10904940783310635,0.0825392297920349,-0.13473032695844547,-0.0657975052397042,-0.037636904252788,-0.08042277197569984,-0.06590837695779513,1.7741935483870968,0.00028541433706300246,0.0012856071224466332
0.10762869021619968,0.10809576273283762,0.10313878717969237,0.11410479602327447,0.08082018341289939,-0.1019874513549414,-0.03953759482607583,-0.021243010947130447,-0.04688876049037572,-0.044347054561204934,1.8548387096774193,0.0001655944772548865,0.0009193877111816334
0.11342818348743064,0.09984675405896386,0.09410062585244651,0.10928795940557126,0.0845643483895107,-0.1162785479710433,-0.06407586245595999,-0.017588739385247597,-0.0535859219411797,-0.10134022814135632,1.31,0.0001348415521123847,0.001543431232318105
0.11286731135849976,0.10162946883939987,0.11558137642190071,0.10749752344757448,0.08280661097222888,-0.1275288323539492,-0.10832397985602117,-0.10004749962510552,-0.06498256347875002,-0.1088714488524913,1.476923076923077,0.0001699350219996757,0.0005282554012258733
0.10316059302531812,0.10201428603821108,0.10531622260491068,0.11300897224468362,0.07944596797908061,-0.12772897353942264,-0.06058981065757446,-0.008801637154386279,-0.041845905913560105,-0.048428680694336854,2.039473684210526,0.0001580686694785472,0.0019101308722725813
0.11360372360327807,0.097301296589535,0.1079888833779202,0.11686566352212842,0.0774569944643599,-0.1439450943706815,-0.09128947127722573,-0.08258849482589055,-0.09869555380451957,-0.10636436938905926,1.7196969696969697,0.0002534671895851095,0.000561921432899858
0.0742828624776769,0.08802153250564393,0.09149158885178652,0.0956045623032607,0.06594907498337511,-0.050211277056364606,0.007689130051915402,0.030447308502654258,-0.005061260813368111,0.007079742508023365,1.87,0.00015572398607742704,0.0008907116780491063
0.09850368205180947,0.10835249893278145,0.09869569133555296,0.11851063136461112,0.08365564560328632,-0.12681449116068455,-0.10098246312454877,-0.04243562452159016,-0.06663279442469154,-0.0830168875082388,1.5056179775280898,0.00016789296384793606,0.0010379163957987582
0.11305096861670412,0.10179257701241522,0.11545680261144771,0.1100022953516635,0.08937299262532744,-0.17741092151262178,-0.12282178808485372,-0.07388033247033556,-0.10193927982818765,-0.07583692647116641,1.6395348837209303,0.00011232609555219461,0.0018111594805183579
0.10860546262147373,0.10413260230492308,0.10733067065147711,0.10993365792968463,0.08035944195173085,-0.13194354745325715,-0.047380831072720266,-0.04428803472706771,-0.04171096489290926,-0.08197399387475034,1.9416666666666667,0.00015195666860875096,0.0014879800573137727
0.10397145676518194,0.09765729604253574,0.09039163695675749,0.09978635911789213,0.08263006699947932,-0.0906223697768443,-0.09413292862300372,-0.03784941480381545,-0.029630799198135143,-0.06440645002497203,1.087378640776699,7.116157736453497e-05,0.0008699372370375099
0.11047357168934235,0.10016658904053995,0.10554612816169706,0.11274938100830195,0.0830753614806408,-0.12841026169731193,-0.08277370389115711,-0.06415923933981703,-0.06466641583649484,-0.07459626364673523,1.255813953488372,0.00014015503089181026,0.0007059573417894061
0.09359538229807425,0.10441805207830417,0.08676740658900564,0.11005423789246879,0.08192258478119595,-0.11678213786293937,-0.04022798486938646,0.0009480153242506805,-0.018529720047188527,-0.00467049963322578,1.1504424778761062,0.00013886981028585113,0.0022988562331900508
0.10957946202892739,0.10516168518866947,0.10965143517009733,0.1046329177447045,0.09319806954516385,-0.0966456640534917,-0.047938135854065436,-0.034445629580420065,-0.0352972515566114,-0.06097600607817287,1.3926940639269407,4.512801562302825e-05,0.000657651505997046
0.043017994349203934,0.07092978064768661,0.06291535864875065,0.0477850162787721,0.04531207050169608,-0.1314389649389649,-0.08643473467392822,-0.05165602518693427,-0.1629225428194993,-0.02367116784730421,0.01601164483260553,0.00015020284146712032,0.0032274678175356186
0.11961253303671401,0.1217344025525139,0.09616172825972745,0.10799884222622542,0.08869881734863683,-0.17548283103330847,-0.12065835762277828,-0.09582606554782815,-0.09018069761605912,-0.1327784190895074,0.9066339066339066,0.00020736293255691312,0.001167769140128634
0.10704130341299294,0.11271527352558028,0.10125095419145684,0.11338558148646437,0.09930998162991996,-0.13184942863239615,-0.06497075987958056,-0.026321164877117414,-0.06695489938508706,-0.06604311355188659,0.9339622641509434,4.1323306424639925e-05,0.0014439692350939348
0.12402457685901541,0.12327957004098442,0.10608486690220477,0.11608749033903476,0.08567604967578415,-0.12665121109212646,-0.07403679304325879,-0.04676917420540887,-0.05465333694759607,-0.08100845797994499,1.2935779816513762,0.0002529415848891475,0.0009756649048119774
0.11119952957617601,0.11408386342289749,0.10172913025675383,0.11262990394631786,0.09219688531546219,-0.13883091034978756,-0.10089067822027842,-0.07770886068741002,-0.07899735085334472,-0.09322447973622867,3.3333333333333335,8.610731781044591e-05,0.0006177829204220327
0.10046263641962447,0.09262186265974058,0.09636881037593259,0.10310972187801792,0.07451956915760569,-0.13909840893229267,-0.08109788809384443,-0.036276614783581546,-0.059820001170829466,-0.08122719328172197,1.9396551724137931,0.00012751204228475782,0.001453267523221089
0.10293674165097823,0.11803816655576037,0.10264028632812773,0.1179283905392728,0.0827260689794891,-0.10180541212723476,-0.046450732495342165,-0.048537029573253544,-0.06891813303087631,-0.08501216744410854,2.1122994652406417,0.00021074591869148424,0.0005633105661293873
0.12829571882503205,0.10712123980818579,0.10187389089864456,0.10015834218574685,0.0943701976679602,-0.15003691124997806,-0.08739536877171765,-0.06976374190498003,-0.07263762133996807,-0.11562132907601758,1.3020408163265307,0.00017102406642562895,0.0011413486880457104
0.1312853324523126,0.11518905345779405,0.10965487742854463,0.10624939679297254,0.09613125792247071,-0.15462035678023867,-0.10550095802658553,-0.08364659407828481,-0.09746888838456287,-0.12978236947100577,1.136150234741784,0.00016800901328869,0.0007914323619151179
0.1254257646090061,0.09911827858240241,0.09729917241643492,0.10088806751612274,0.093484987676945,-0.12969248290549046,-0.07968924413561854,-0.043333024344023065,-0.028200847666586218,-0.06750335073203452,2.240740740740741,0.00016129549249800927,0.0015302760018450648
0.1368091151711021,0.12579576091985104,0.1035532128976155,0.11516447016353974,0.09732717029374557,-0.18538233923628653,-0.12781662152830536,-0.10752655829951784,-0.12569818779466393,-0.12050572201784605,0.971830985915493,0.00025822668715191807,0.0009070880032333597
0.11409522486620428,0.1148670056820263,0.10409576509574979,0.11808183507263358,0.08778933969053292,-0.13006098181966225,-0.06664707744069889,-0.04022840006331101,-0.04229753054362762,-0.06483547593396319,1.673913043478261,0.00015235885919180218,0.0013229941663135424
0.11497256797295463,0.10304810041896598,0.094730512779378,0.10294003918197174,0.09397403988762236,-0.09350013188574391,-0.0493808788803973,-0.008867164153002535,-0.05148933507585786,-0.07389394292006064,1.3370786516853932,7.187719449995128e-05,0.0010026176124081848
0.12356475664695185,0.11594027190961609,0.11709019108952431,0.11838498772104601,0.09532966193445463,-0.11255259905693493,-0.06354273687784012,-0.028631613906813812,-0.04499627832749031,-0.05692354017802572,1.0176470588235293,0.00011814723569177323,0.0009960106653715268
0.11136912951014803,0.10346169133415457,0.09364703019903806,0.09680598458036462,0.09296055353689887,-0.0948045470956491,-0.027364838765298452,-0.005138060471499457,-0.0466596541519362,-0.022490062415523492,1.094420600858369,6.018493628181721e-05,0.0011817447695417645
0.11564025841437879,0.12410188292860294,0.09558388084943764,0.10534315349594243,0.08302289642269886,-0.1992294074620221,-0.13446504995633465,-0.10718795630899908,-0.12345819492899264,-0.15234349311026607,1.023972602739726,0.0002623822578242663,0.0012464274695717264
0.12300350716616545,0.12775687413412676,0.09425263999694429,0.1094828960236352,0.08155261852566784,-0.22360482713263816,-0.14101047990252105,-0.12661041276201912,-0.15385631322112342,-0.18972642510807625,0.9916317991631799,0.00037574234089126637,0.0015500299823859806
0.10354278205680206,0.10750707758645996,0.11356572559518367,0.11758054353726083,0.08649527311266829,-0.1523575569066256,-0.10977572111907183,-0.04418133547995602,-0.12126538826767645,-0.10838349874718264,0.9094650205761317,0.0001449375701044614,0.0015541067282277214
0.10815931678748643,0.11066564566181446,0.10155982963171684,0.10866414024129394,0.09096304236319164,-0.10269542063171293,-0.05217191879948607,-0.03572536391671426,-0.07758928305572578,-0.06991719087551058,1.0275229357798166,6.485040489738857e-05,0.0006477149616457083
0.12015160425243923,0.11856932033975329,0.1095918707178556,0.1179994648057628,0.09035113720804315,-0.16022264602725644,-0.10529940993391486,-0.06713239361447038,-0.10010664320806043,-0.10376928467645134,1.4186046511627908,0.00015446099072776757,0.001120613893488927
0.11155258654533905,0.10675448782156403,0.10209228214804061,0.11426029688734582,0.08756633300656778,-0.09244393820306761,-0.03689286770027381,-0.015155261829070054,-0.010973526376558934,-0.02449191996842168,1.5209876543209877,0.00011065406351392094,0.0010949946022609527
0.11045245212317926,0.10849956397646067,0.10778444859317919,0.11698415355665445,0.08925974842182101,-0.08816031560894634,-0.05441465949068743,-0.027503561859541146,-0.03864183967027181,-0.07874866439646543,2.135135135135135,0.00010709188548028469,0.0006641240845941787
0.126682972815201,0.11800023906468292,0.10261455491062521,0.11352389772389251,0.0949685845502432,-0.1472071969104417,-0.09900219314143655,-0.0763250572577402,-0.09197859765405637,-0.09375286395983368,1.5886075949367089,0.00015713152873962554,0.0007199306316877501
0.10696254249478983,0.10020793748204158,0.10456341324586296,0.10814995553845913,0.07891413831746066,-0.06135383257742104,-0.021341952824599636,0.0008337601208465131,-0.006300470848604734,-0.02470714542648848,1.155844155844156,0.00014502283690052877,0.0005806736623191186
0.12504191953668264,0.10296357960119344,0.11275810962604456,0.12087105338102296,0.08282420291663148,-0.18825264146583864,-0.1354547411093678,-0.09851641654967534,-0.13285425617649285,-0.13345296640757148,1.46723044397463,0.0002834851593835902,0.0010343705734342844
0.1259412939132521,0.1146328376200085,0.11819041993595555,0.135803002709431,0.09422575248590283,-0.05814186989534987,-0.013617506002408125,-0.014233701642243054,-0.04671537974452269,-0.06660698573264166,1.3884892086330936,0.00023907717995857325,0.0006104999637828287
0.1155223745421472,0.103371173325954,0.100537112472023,0.10838718932093164,0.08853627306981415,-0.158923126855769,-0.10465161339384735,-0.06580494233223652,-0.09739619313492025,-0.1176724238977896,2.091633466135458,0.00010021698115091803,0.001146709615854288
0.1148642161491636,0.11285630345989549,0.10075509941627302,0.11217165311528475,0.0888258517596377,-0.11390803440476777,-0.061307561377850164,-0.02424708473950348,-0.053305903689404764,-0.046371126620034814,2.1528384279475983,0.00012151933936972357,0.0011041164838246744
0.10259027590068535,0.10369484124906024,0.09234239787094635,0.10046716289870322,0.07983998538448105,-0.06773992870115739,-0.03543849784198603,-0.0074392450837333975,0.003244604747897138,0.0170130826400761,1.256578947368421,9.922374997799153e-05,0.0011417286319268354
0.11240435034133855,0.11874764044063915,0.10666965877339293,0.126151464270719,0.09219780840266527,-0.10947020066376459,-0.045695666338065634,-0.014898591158879666,-0.022481044480014162,-0.03853029593593684,1.649746192893401,0.00016589126351352457,0.0014011407255547727
0.12700085456140633,0.10104046875957562,0.0964372148694135,0.08166145502611509,0.10414876856644084,-0.08829623104255603,-0.04266038761945738,-0.043921720739952604,-0.04225705013190124,-0.08413284269841474,1.2702702702702702,0.0002687912371861053,0.0005641836492036362
0.12412854415100863,0.10972689162263749,0.09697859224237955,0.10247623182666922,0.07991673040735443,-0.15248599500540602,-0.07505143757300994,-0.04255355710346905,-0.07549199644673248,-0.11348511985995346,1.3524590163934427,0.0002651016889247072,0.0017811777366692572
0.10243225183498013,0.09203207976214874,0.09312670266214358,0.09570987264508322,0.08148222664416585,-0.12617793382472162,-0.05644718022689623,-0.009458796233095973,-0.05630820767129367,-0.10266713319122972,1.7875,5.747835111182508e-05,0.002064814722917552
0.1115439377666668,0.10123796383957097,0.09601396879127645,0.09837703627936825,0.09045316814165948,-0.17698123298661106,-0.12978688443394912,-0.08231372211844273,-0.11395814073311479,-0.15858311022980948,0.9577464788732394,6.083310101053992e-05,0.0013821447404921536
0.0989010989010989,0.0531914893617021,0.064516129032258,0.0510204081632653,0.1142857142857142,0.1030555555555555,0.00594,0.0375666666666666,-0.22496,0.0795874999999999,0.0005341880341880342,0.0008164025963167856,0.01725196856094135
0.0989010989010989,0.0531914893617021,0.064516129032258,0.0510204081632653,0.1142857142857142,0.1030555555555555,0.00594,0.0375666666666666,-0.22496,0.0795874999999999,0.0009319664492078285,0.0008164025963167856,0.01725196856094135
0.08308975455026264,0.092659982016772,0.08579660372900953,0.0976599827528534,0.06983393599064426,-0.06105762469238542,-0.02556956834182243,-0.01957817208072325,-0.017974965672487162,-0.05334609876325761,0.5185185185185185,0.00011249471547342142,0.00040773004666746083
0.0837629131168457,0.08828419622108359,0.0632562180949277,0.03913935346699203,0.10688487140100039,-0.1621648148148148,-0.13974142857142854,-0.16026944444444444,-0.2681422222222222,0.028123611111111096,0.06,0.0006714495848418035,0.011396802748141357
0.069492280596088,0.06443784158495403,0.09672180350963798,0.09544802172865598,0.05091188695111862,-0.06800121665920578,0.008284893205523723,-0.02612715492456596,-0.10234466179809694,-0.1042054341302637,0.3492063492063492,0.00040282004962313104,0.002402458747174041
0.09331464039683889,0.06976145850032697,0.057215240701038006,0.07519515139894395,0.05693059271933612,-0.17499931058135865,-0.11463975016436552,-0.06775139561293411,-0.19080507326007323,-0.27440599278172806,0.048507462686567165,0.0002259274938001735,0.006181963638599056
0.043017994349203934,0.07092978064768661,0.06291535864875065,0.0477850162787721,0.04531207050169608,-0.1314389649389649,-0.08643473467392822,-0.05165602518693427,-0.1629225428194993,-0.02367116784730421,0.01164021164021164,0.00015020284146712032,0.0032274678175356186
0.08631236188588566,0.0706940002642518,0.057083521576363996,0.07586097091372722,0.05691050665599649,-0.1550174545532362,-0.10662499847374843,-0.05726069038712188,-0.1750823582606119,-0.2518946756827731,0.05904059040590406,0.00015928145175070826,0.005378850048939858
0.11007694127262149,0.1337618584412807,0.10324130795779338,0.10695475151546568,0.09464424270417239,0.08559815022094641,0.09170224348077292,0.11635449070559202,0.10330437325977525,0.0038698342713702452,1.5294117647058822,0.00021375890519062697,0.0019571723127634073
0.0837629131168457,0.08828419622108359,0.0632562180949277,0.03913935346699203,0.10688487140100039,-0.1621648148148148,-0.13974142857142854,-0.16026944444444444,-0.2681422222222222,0.028123611111111096,0.030612244897959183,0.0006714495848418035,0.011396802748141357
0.0837629131168457,0.08828419622108359,0.0632562180949277,0.03913935346699203,0.10688487140100039,-0.1621648148148148,-0.13974142857142854,-0.16026944444444444,-0.2681422222222222,0.028123611111111096,0.016574585635359115,0.0006714495848418035,0.011396802748141357
0.07555735610698855,0.09463988281901084,0.07752434586892915,0.07200860331327776,0.06866506148527352,-0.16313890824881333,-0.05804279988941589,-0.060064415713141896,-0.11798461064987091,-0.015438381942000543,0.8974358974358975,0.00010140033070720697,0.003339905199850866
0.0989010989010989,0.0531914893617021,0.064516129032258,0.0510204081632653,0.1142857142857142,0.1030555555555555,0.00594,0.0375666666666666,-0.22496,0.0795874999999999,0.0010080645161290322,0.0008164025963167856,0.01725196856094135
0.1399019555510161,0.13364920260397506,0.11672356994879113,0.10536458017078155,0.11682844845680114,-0.0630682853765625,-0.014957009406360156,0.007268244342850361,0.011872408014703259,0.0037195051270698352,1.2592592592592593,0.00019657220538639813,0.0009500746105946748
0.11023981355385946,0.10466557915721664,0.08560696739088179,0.07579396307688704,0.07580161843071592,-0.0871328772924858,0.0176971474022781,-0.029887776594989732,-0.06512892516574335,0.017621955594910154,0.7333333333333333,0.00026163621022458176,0.002259769748425807
0.13318751232905046,0.12019019802833113,0.07649336627710931,0.07625154319886998,0.09637066697195476,-0.2188849535975195,-0.1303771286675461,-0.16453781905292775,-0.13856352506758435,-0.11114212921260458,1.2352941176470589,0.0006593837157102825,0.0017364472922211738
0.1305316305316305,0.0408814589665653,0.06714178544636154,0.10363520408163265,0.1707792207792207,0.07062777777777775,-0.11018,0.2092833333333333,0.02235999999999999,0.27408374999999996,0.16666666666666666,0.002624029218958773,0.023271375098152
0.0989010989010989,0.0531914893617021,0.064516129032258,0.0510204081632653,0.1142857142857142,0.1030555555555555,0.00594,0.0375666666666666,-0.22496,0.0795874999999999,0.08333333333333333,0.0008164025963167856,0.01725196856094135
0.0989010989010989,0.0531914893617021,0.064516129032258,0.0510204081632653,0.1142857142857142,0.1030555555555555,0.00594,0.0375666666666666,-0.22496,0.0795874999999999,0.07142857142857142,0.0008164025963167856,0.01725196856094135
0.1279258857734194,0.07104018912529544,0.08500068054988424,0.0772343420126671,0.11193737769080231,0.3080492063492063,0.22801749999999996,0.21984133333333328,0.18956375,0.3279041666666666,0.16666666666666666,0.000589993298098304,0.0035936995675440297
0.0837629131168457,0.08828419622108359,0.0632562180949277,0.03913935346699203,0.10688487140100039,-0.1621648148148148,-0.13974142857142854,-0.16026944444444444,-0.2681422222222222,0.028123611111111096,0.15789473684210525,0.0006714495848418035,0.011396802748141357
0.09454414293121424,0.09272511203728775,0.08832902968565359,0.10126459262277251,0.10231990408276992,-0.1343190672362489,-0.06620703562214203,-0.06141438266814603,-0.02130702646198832,0.06900287798422369,0.6666666666666666,3.4802937593646524e-05,0.005557985923606779
0.0837629131168457,0.08828419622108359,0.0632562180949277,0.03913935346699203,0.10688487140100039,-0.1621648148148148,-0.13974142857142854,-0.16026944444444444,-0.2681422222222222,0.028123611111111096,0.1,0.0006714495848418035,0.011396802748141357
0.1005728284378325,0.08734079227563572,0.08535588028033829,0.10502894533349941,0.09481247910407037,-0.07464227102757366,-0.04405465006997161,-0.02705336967820308,-0.042272618495342903,0.04845806878306877,0.45,7.065752824330236e-05,0.002120913848108732
0.0837629131168457,0.08828419622108359,0.0632562180949277,0.03913935346699203,0.10688487140100039,-0.1621648148148148,-0.13974142857142854,-0.16026944444444444,-0.2681422222222222,0.028123611111111096,0.075,0.0006714495848418035,0.011396802748141357
0.1239705432964912,0.11794554121517334,0.1099084358267027,0.08251885843130322,0.10621460607255852,-0.17784228929751345,-0.12664153032153033,-0.11896531635802471,-0.12097023589065256,-0.061950423681257,0.47368421052631576,0.00025250702706393363,0.0016883726839574847
0.10514964418346642,0.09680637783910687,0.08918843996942266,0.11134828217830917,0.08250509108766144,0.004175611149970202,0.017436064232543753,0.006483190425141585,0.07339224372367525,0.0607352504294388,0.9473684210526315,0.0001358625612194413,0.0010438642729398726
0.18551791735906276,0.11974667747766297,0.12360888918295793,0.0794296681221498,0.09467099131754501,-0.0834203084099137,-0.12704866883116886,-0.10864583333333333,-0.16930236111111116,-0.08980742521367523,0.23076923076923078,0.0016478567880388916,0.001191038854282385
0.07693854263179362,0.10557181161866662,0.06890906329999336,0.08699983005790946,0.09706510635854923,-0.057095050316422875,-0.0230668142043142,-0.037742556414876144,-0.09332695421245424,-0.032476906419572654,0.47368421052631576,0.0002186716370349645,0.0007755869462825247
0.0837629131168457,0.08828419622108359,0.0632562180949277,0.03913935346699203,0.10688487140100039,-0.1621648148148148,-0.13974142857142854,-0.16026944444444444,-0.2681422222222222,0.028123611111111096,0.08823529411764706,0.0006714495848418035,0.011396802748141357
0.11355599780117472,0.10050562328125297,0.10787688601659715,0.12997793980852565,0.0992179017286486,-0.060647556148707454,-0.012866861169696242,-0.015049984867366096,0.003558179980245193,-0.037224812409812416,0.6428571428571429,0.0001556025738466073,0.0006201115916923019
0.11219006650297049,0.09786885660535345,0.10498557767062873,0.09298325324572732,0.09936451950020235,-0.21430000523589063,-0.18432228389550265,-0.18974809367134757,-0.21125967788812874,-0.12819857017432965,0.5,5.417622678278616e-05,0.001198966720491981
0.0837629131168457,0.08828419622108359,0.0632562180949277,0.03913935346699203,0.10688487140100039,-0.1621648148148148,-0.13974142857142854,-0.16026944444444444,-0.2681422222222222,0.028123611111111096,0.09090909090909091,0.0006714495848418035,0.011396802748141357
0.061075211234979054,0.08417470803577859,0.05960523075072695,0.07642798548986005,0.06962686804631787,-0.09919825118631927,-0.09077031168831166,-0.12531859982535157,-0.12706358085996958,-0.007581473443223463,0.47619047619047616,0.00010747950844079028,0.0023747815814134368
0.11998289758163677,0.09679045648447096,0.10759425009585047,0.09766674906996323,0.0962175000049241,-0.05200507648873246,-0.022019262920532023,-0.002507854950262477,-0.06255790140673705,-0.013835985289842664,0.5686274509803921,0.00010510383416349528,0.0006558283801334951
0.0837629131168457,0.08828419622108359,0.0632562180949277,0.03913935346699203,0.10688487140100039,-0.1621648148148148,-0.13974142857142854,-0.16026944444444444,-0.2681422222222222,0.028123611111111096,0.09090909090909091,0.0006714495848418035,0.011396802748141357
0.11543132009855087,0.1014809924587697,0.10256911547234122,0.0800749491800069,0.10862367646378863,-0.2405474358974359,-0.15121342857142855,-0.19073251893939394,-0.19196639215686276,-0.053291287878787896,0.22727272727272727,0.0001762280308170942,0.004941039038280406
0.0837629131168457,0.08828419622108359,0.0632562180949277,0.03913935346699203,0.10688487140100039,-0.1621648148148148,-0.13974142857142854,-0.16026944444444444,-0.2681422222222222,0.028123611111111096,0.05454545454545454,0.0006714495848418035,0.011396802748141357
0.0837629131168457,0.08828419622108359,0.0632562180949277,0.03913935346699203,0.10688487140100039,-0.1621648148148148,-0.13974142857142854,-0.16026944444444444,-0.2681422222222222,0.028123611111111096,0.09090909090909091,0.0006714495848418035,0.011396802748141357
0.08470060411932742,0.08720725055782266,0.06584846867408105,0.059597824479943017,0.09375696808071697,-0.17931572562358275,-0.14838699092136856,-0.049238708566760034,-0.18337315217391303,-0.04267859730848863,0.28,0.00021600161580426235,0.004831075209233141
0.0837629131168457,0.08828419622108359,0.0632562180949277,0.03913935346699203,0.10688487140100039,-0.1621648148148148,-0.13974142857142854,-0.16026944444444444,-0.2681422222222222,0.028123611111111096,0.06976744186046512,0.0006714495848418035,0.011396802748141357
0.0837629131168457,0.08828419622108359,0.0632562180949277,0.03913935346699203,0.10688487140100039,-0.1621648148148148,-0.13974142857142854,-0.16026944444444444,-0.2681422222222222,0.028123611111111096,0.12,0.0006714495848418035,0.011396802748141357
0.0837629131168457,0.08828419622108359,0.0632562180949277,0.03913935346699203,0.10688487140100039,-0.1621648148148148,-0.13974142857142854,-0.16026944444444444,-0.2681422222222222,0.028123611111111096,0.10714285714285714,0.0006714495848418035,0.011396802748141357
0.102293365052777,0.10978463349185746,0.07694601826408506,0.07012469077887978,0.08741805915453443,-0.16634082946883846,-0.10679997235285955,-0.09201523864066966,-0.13575988461592392,-0.10400238041685408,0.8125,0.00027807547573340343,0.0009010799809323703
0.0837629131168457,0.08828419622108359,0.0632562180949277,0.03913935346699203,0.10688487140100039,-0.1621648148148148,-0.13974142857142854,-0.16026944444444444,-0.2681422222222222,0.028123611111111096,0.07317073170731707,0.0006714495848418035,0.011396802748141357
0.07884433686198926,0.08245116256402348,0.09074179255220842,0.08656861820530216,0.07464845863508782,0.017938318809167044,0.030441951692581817,0.02900658467326325,0.03547421926057953,0.08001821982632064,0.7567567567567568,3.9844985997486545e-05,0.0005776822410715918
0.0837629131168457,0.08828419622108359,0.0632562180949277,0.03913935346699203,0.10688487140100039,-0.1621648148148148,-0.13974142857142854,-0.16026944444444444,-0.2681422222222222,0.028123611111111096,0.05555555555555555,0.0006714495848418035,0.011396802748141357
0.0837629131168457,0.08828419622108359,0.0632562180949277,0.03913935346699203,0.10688487140100039,-0.1621648148148148,-0.13974142857142854,-0.16026944444444444,-0.2681422222222222,0.028123611111111096,0.08333333333333333,0.0006714495848418035,0.011396802748141357
0.0837629131168457,0.08828419622108359,0.0632562180949277,0.03913935346699203,0.10688487140100039,-0.1621648148148148,-0.13974142857142854,-0.16026944444444444,-0.2681422222222222,0.028123611111111096,0.08571428571428572,0.0006714495848418035,0.011396802748141357
0.10126409882896956,0.11116608084827544,0.0910774042814296,0.09807558280589725,0.09465859194480841,-0.013011415354605926,-0.015347056597248906,-0.006843882022370381,-0.10761463988801813,-0.05729656944653521,0.8125,5.882529193649913e-05,0.0018265969353518778
0.0837629131168457,0.08828419622108359,0.0632562180949277,0.03913935346699203,0.10688487140100039,-0.1621648148148148,-0.13974142857142854,-0.16026944444444444,-0.2681422222222222,0.028123611111111096,0.10344827586206896,0.0006714495848418035,0.011396802748141357
0.0837629131168457,0.08828419622108359,0.0632562180949277,0.03913935346699203,0.10688487140100039,-0.1621648148148148,-0.13974142857142854,-0.16026944444444444,-0.2681422222222222,0.028123611111111096,0.08108108108108109,0.0006714495848418035,0.011396802748141357
0.0837629131168457,0.08828419622108359,0.0632562180949277,0.03913935346699203,0.10688487140100039,-0.1621648148148148,-0.13974142857142854,-0.16026944444444444,-0.2681422222222222,0.028123611111111096,0.07142857142857142,0.0006714495848418035,0.011396802748141357
0.0837629131168457,0.08828419622108359,0.0632562180949277,0.03913935346699203,0.10688487140100039,-0.1621648148148148,-0.13974142857142854,-0.16026944444444444,-0.2681422222222222,0.028123611111111096,0.047619047619047616,0.0006714495848418035,0.011396802748141357
0.11882235069902287,0.09787505962335608,0.09748719012701489,0.0687174654007901,0.09043285472541475,-0.13246855689582684,-0.17106256125513875,-0.1335713610669493,-0.04812630961026385,-0.1027547351229688,1.0,0.00032325810460323177,0.002095344826450216
0.0837629131168457,0.08828419622108359,0.0632562180949277,0.03913935346699203,0.10688487140100039,-0.1621648148148148,-0.13974142857142854,-0.16026944444444444,-0.2681422222222222,0.028123611111111096,0.0967741935483871,0.0006714495848418035,0.011396802748141357
0.0837629131168457,0.08828419622108359,0.0632562180949277,0.03913935346699203,0.10688487140100039,-0.1621648148148148,-0.13974142857142854,-0.16026944444444444,-0.2681422222222222,0.028123611111111096,0.08108108108108109,0.0006714495848418035,0.011396802748141357
0.0837629131168457,0.08828419622108359,0.0632562180949277,0.03913935346699203,0.10688487140100039,-0.1621648148148148,-0.13974142857142854,-0.16026944444444444,-0.2681422222222222,0.028123611111111096,0.08333333333333333,0.0006714495848418035,0.011396802748141357
0.1128168728207385,0.11842566801227251,0.0934676601654076,0.10235531172564821,0.09517322665113617,-0.20303443777192912,-0.1053654831049997,-0.11377615591708115,-0.14411502007469654,-0.14032354910079972,0.68,0.00011909546570067695,0.0014672168675584766
0.07784786880318062,0.09045069897439913,0.07378409000596406,0.057380128923789485,0.08892264943027402,-0.1413183723196881,-0.0961508048876799,-0.04326243650793651,-0.06964943152454782,-0.003982455379587746,0.3,0.00017919473410325516,0.002709925799132054
0.0837629131168457,0.08828419622108359,0.0632562180949277,0.03913935346699203,0.10688487140100039,-0.1621648148148148,-0.13974142857142854,-0.16026944444444444,-0.2681422222222222,0.028123611111111096,0.07894736842105263,0.0006714495848418035,0.011396802748141357
0.10023542836449843,0.10738837088742963,0.09205176698401892,0.06771878218600669,0.09958844989497234,-0.09288539060871373,-0.04748869276556776,-0.0814870181094229,-0.08923458821233411,0.0048737506808278555,0.47058823529411764,0.0002355092836521576,0.0016887989604394645
0.0837629131168457,0.08828419622108359,0.0632562180949277,0.03913935346699203,0.10688487140100039,-0.1621648148148148,-0.13974142857142854,-0.16026944444444444,-0.2681422222222222,0.028123611111111096,0.08823529411764706,0.0006714495848418035,0.011396802748141357
0.0837629131168457,0.08828419622108359,0.0632562180949277,0.03913935346699203,0.10688487140100039,-0.1621648148148148,-0.13974142857142854,-0.16026944444444444,-0.2681422222222222,0.028123611111111096,0.0967741935483871,0.0006714495848418035,0.011396802748141357
0.09859108120344073,0.09820026246073006,0.09121949662272236,0.06523654513747609,0.0796007809966286,-0.14946587301587302,-0.1712515238095238,-0.1125862727272727,-0.23791363120567377,-0.10088891025641027,0.29411764705882354,0.00020126838156644632,0.0029736670796960823
0.08120383315567065,0.08382639156763579,0.0786053141639346,0.054094822742906806,0.0873409692485242,-0.11071634470618202,-0.22666395933106076,-0.11287131445170659,-0.15343967975494294,-0.052094506002855735,0.5,0.0001746076602898165,0.004155290434864276
0.10754777841512467,0.11049574675890557,0.07650437923633197,0.06877852009864865,0.10326987133798338,-0.20485127663045766,-0.17684691624660376,-0.20638619648946532,-0.30046421467271117,-0.12593240327380956,0.47058823529411764,0.0003703713074175378,0.004034377769469282
0.08759756433543486,0.09401353223725371,0.06999300345297797,0.07122716884501433,0.0879973634441,-0.17304220729887396,-0.02032107663940996,-0.09670902116402114,-0.034263872053872046,0.02756805555555555,0.375,0.00011792764561422564,0.006007233363180095
0.07515568261760468,0.08224587604683878,0.06063991346301747,0.04636212689853135,0.08883417378196415,-0.13071036111111112,-0.09984383004926109,-0.10212073087431696,-0.19319460372960376,0.025374147727272686,0.2,0.0002938830689117462,0.0063378775427119
0.09472453427101729,0.08561520987095998,0.08759623592016129,0.0789104808308857,0.0926156198718527,-0.02674047730333573,0.001850950170961088,0.009166279402620887,-0.003884406491441015,0.09987077565781269,0.5,3.873376116506389e-05,0.002375831633191638
0.0837629131168457,0.08828419622108359,0.0632562180949277,0.03913935346699203,0.10688487140100039,-0.1621648148148148,-0.13974142857142854,-0.16026944444444444,-0.2681422222222222,0.028123611111111096,0.08108108108108109,0.0006714495848418035,0.011396802748141357
0.0837629131168457,0.08828419622108359,0.0632562180949277,0.03913935346699203,0.10688487140100039,-0.1621648148148148,-0.13974142857142854,-0.16026944444444444,-0.2681422222222222,0.028123611111111096,0.07692307692307693,0.0006714495848418035,0.011396802748141357
0.0837629131168457,0.08828419622108359,0.0632562180949277,0.03913935346699203,0.10688487140100039,-0.1621648148148148,-0.13974142857142854,-0.16026944444444444,-0.2681422222222222,0.028123611111111096,0.08823529411764706,0.0006714495848418035,0.011396802748141357
0.125918421764458,0.10838209786901587,0.0830676852262877,0.12368684867026958,0.10980437216608512,-0.06655009862637312,-0.06039704300079299,-0.0432619099532743,-0.12650887252767112,0.0010008831335014262,0.5454545454545454,0.0002921459280284421,0.0021160235534846156
0.09808202871562816,0.09155583992544407,0.09204422256435946,0.08673240606409054,0.08430285076333884,0.11234713288345642,0.1519162286795963,0.15273824755409413,0.16532231812169312,0.252022371031746,0.75,2.839413885373067e-05,0.0026623465878218952
0.11933041954658709,0.11658153434441604,0.09583083681562869,0.09855427519166704,0.11071270554763346,-0.2832180309457844,-0.1891533664726757,-0.22464711620570746,-0.22610431988536153,-0.22944837136243387,0.75,0.00011162155807056171,0.0011358545129969628
0.07858795060340003,0.07164792977450835,0.05364051067863377,0.06651667726240618,0.0801636535507503,-0.20844146825396825,-0.3154310714285714,-0.12450208333333333,-0.23851348484848484,0.02109270833333332,0.16,0.0001148682154774807,0.016464656323593264
0.07516535426675439,0.08220077648145703,0.05994108557737345,0.0649553605946185,0.07838142697527517,-0.061944543650793646,-0.09935547390109888,-0.060781250000000016,-0.06018458333333333,-0.04108177083333332,0.42105263157894735,8.743983297502069e-05,0.0004505390263448228
0.0375460963590675,0.0890100033863247,0.0515845070422535,0.07132066276803115,0.0428816466552315,-0.05608571428571431,-0.0904190202702703,0.15594696969696964,-0.0447851417399804,-0.15964191176470585,0.015873015873015872,0.00045651196180648314,0.013882024241334261
0.07667616462124098,0.08011177017303224,0.08901141761101043,0.09602626516954223,0.062040587103766594,0.03518113873295906,-0.04865416301489914,0.012184412955465566,0.012600496865412864,-0.011147983539094667,0.007537688442211055,0.00016716455017380547,0.001009111176441876
0.0,0.0,0.0,0.0,0.0,0.0,0.0,0.0,0.0,0.0,0.0,0.0,0.0
0.0,0.0,0.0,0.0,0.0,0.0,0.0,0.0,0.0,0.0,0.0,0.0,0.0
0.0662248969329855,0.08179090187079129,0.08563065477575114,0.08811793541892161,0.06221241311283868,-0.1566473079412629,-0.058794007560265184,-0.03507993234285924,-0.008682925477883402,-0.057916914746308695,0.018032786885245903,0.00013890390395982427,0.003135580343111668
0.0698795180722891,0.0743274053807569,0.0722776985259153,0.0934223069590085,0.0452766908887646,-0.1280937931034482,-0.0961196319018404,-0.0247236842105263,-0.1116494897959182,-0.0907506172839506,0.0136986301369863,0.0002946003393973389,0.0015546226439789195
0.11457602350684504,0.08207772982353506,0.09101923896582054,0.1031244428911143,0.09582215946250228,-0.20487842192691036,-0.11999507359307357,-0.1568169053934571,-0.23628820020639835,-0.17641191397849465,0.013192612137203167,0.0001514329359432235,0.0019829813814527127
0.08214065180921311,0.08198166643056257,0.07893012682663773,0.09348519205802626,0.07332542284204743,-0.08819257075491091,-0.07309040128359626,0.008654206309503485,-0.08822553535699995,-0.045489931477882155,0.017456359102244388,5.414960382904969e-05,0.0016623766583440164
0.0,0.0,0.0,0.0,0.0,0.0,0.0,0.0,0.0,0.0,0.0,0.0,0.0
0.0817039106145251,0.12150197628458495,0.08317189719746865,0.11276668623996865,0.0878428465530022,-0.018140697674418657,-0.059048214285714246,0.17496923076923074,0.1358827450980392,-0.21462333333333333,0.00816326530612245,0.0003392963970034397,0.02472120039921195
0.0,0.0,0.0,0.0,0.0,0.0,0.0,0.0,0.0,0.0,0.0,0.0,0.0
0.0,0.0,0.0,0.0,0.0,0.0,0.0,0.0,0.0,0.0,0.0,0.0,0.0
0.0551724137931034,0.0671641791044776,0.0096153846153846,0.0219780219780219,0.0101010101010101,-0.26285,-0.4008555555555555,-0.3182,-0.1190999999999999,-0.4588,0.003278688524590164,0.0007128268133526666,0.017277528672839514
0.0,0.0,0.0,0.0,0.0,0.0,0.0,0.0,0.0,0.0,0.0,0.0,0.0
0.0844266465802736,0.0983232830017216,0.10626204501654482,0.10456412793490874,0.045178686689637246,0.19189646934460886,0.11667245415057916,0.194476282051282,0.18222038770053478,0.21720708333333333,0.010443864229765013,0.000640141603168675,0.0014373852835065234
0.0,0.0,0.0,0.0,0.0,0.0,0.0,0.0,0.0,0.0,0.0,0.0,0.0
0.08310871518418685,0.07264492753623185,0.06713683824876344,0.13684913217623496,0.08563985672419404,0.03470000000000005,0.13270714285714286,0.14884166666666665,0.08628999999999995,0.07561999999999995,0.023809523809523808,0.0007702486718033074,0.0021015741440929695
0.074267105749625,0.08521398721496817,0.08109740267945677,0.08944453335800097,0.06254305158784948,0.07074069842947746,-0.009260171057827274,0.07393313087275041,0.04506326457855868,-0.08838402976190476,0.012903225806451613,0.00011103691461510492,0.004675579840979305
0.0,0.0,0.0,0.0,0.0,0.0,0.0,0.0,0.0,0.0,0.0,0.0,0.0
0.0,0.0,0.0,0.0,0.0,0.0,0.0,0.0,0.0,0.0,0.0,0.0,0.0
0.0800744878957169,0.0830039525691699,0.097378277153558,0.0973282442748091,0.0704225352112676,0.1168186046511627,-0.0249214285714285,0.0306384615384615,0.0747254901960784,0.0286533333333333,0.0049504950495049506,0.0001359742747892131,0.002850955741290451
0.08450941393165234,0.10871909310172535,0.10380474604057317,0.08326134195078921,0.06281959221364387,0.028179622848082134,-0.06039464847652343,-0.006609762587955537,0.023502862394957965,0.019364437500000012,0.013513513513513514,0.0003364557978572277,0.0013523478175613997
0.05887902330743615,0.04325117370892015,0.0666127292340884,0.09289308822019099,0.055808138213230246,-0.031104999999999952,-0.033442857142857156,0.05693749999999995,-0.07399000000000006,0.0023875000000000007,0.046511627906976744,0.00034104380603161214,0.002388277383507653
0.0471698113207547,0.0583333333333333,0.0776699029126213,0.1308411214953271,0.036144578313253,-0.0083599999999999,0.1137142857142857,0.02405,0.0740999999999999,0.0385,0.005847953216374269,0.001390995659795217,0.002209769003673465
0.0,0.0,0.0,0.0,0.0,0.0,0.0,0.0,0.0,0.0,0.0,0.0,0.0
0.0,0.0,0.0,0.0,0.0,0.0,0.0,0.0,0.0,0.0,0.0,0.0,0.0
0.0,0.0,0.0,0.0,0.0,0.0,0.0,0.0,0.0,0.0,0.0,0.0,0.0
0.0705882352941176,0.028169014084507,0.0555555555555555,0.0549450549450549,0.0754716981132075,-0.05385,-0.1806,0.0898249999999999,-0.22208,-0.033725,0.011049723756906077,0.00034084102740229304,0.015493194542499991
0.0,0.0,0.0,0.0,0.0,0.0,0.0,0.0,0.0,0.0,0.0,0.0,0.0
0.07788706096935302,0.12852624183723507,0.10190147668142252,0.11312345811211107,0.06890922349914932,-0.03647502390611421,0.0677650920245399,0.09249929603420315,-0.10712116577375488,0.06739901234567897,0.024390243902439025,0.0006066428485749225,0.007270691667742275
0.0,0.0,0.0,0.0,0.0,0.0,0.0,0.0,0.0,0.0,0.0,0.0,0.0
0.0,0.0,0.0,0.0,0.0,0.0,0.0,0.0,0.0,0.0,0.0,0.0,0.0
0.11952301961469061,0.13646722683926035,0.1111146062634561,0.11399183124155282,0.0937613087357557,0.008487801724137975,0.08489357687302475,0.1594702227382181,0.17539179421768708,0.19189734567901232,0.022857142857142857,0.00023712254918488904,0.0058454197707391
0.0800744878957169,0.0830039525691699,0.097378277153558,0.0973282442748091,0.0704225352112676,0.1168186046511627,-0.0249214285714285,0.0306384615384615,0.0747254901960784,0.0286533333333333,0.009569377990430622,0.0001359742747892131,0.002850955741290451
0.11162455660328094,0.1402875864652209,0.1268629761093365,0.12280532903575898,0.08456633635004251,-0.31523613099424613,-0.16957063624781013,-0.11927960033927423,-0.19354594128165098,-0.16565762939958595,0.046747967479674794,0.00043846668320618313,0.005418155638029074
0.0698795180722891,0.0743274053807569,0.0722776985259153,0.0934223069590085,0.0452766908887646,-0.1280937931034482,-0.0961196319018404,-0.0247236842105263,-0.1116494897959182,-0.0907506172839506,0.015151515151515152,0.0002946003393973389,0.0015546226439789195
0.0705882352941176,0.028169014084507,0.0555555555555555,0.0549450549450549,0.0754716981132075,-0.05385,-0.1806,0.0898249999999999,-0.22208,-0.033725,0.011764705882352941,0.00034084102740229304,0.015493194542499991
0.0,0.0,0.0,0.0,0.0,0.0,0.0,0.0,0.0,0.0,0.0,0.0,0.0
0.06148666965462688,0.087937783344605,0.08557964361771597,0.09440693632712731,0.058074615498744334,-0.008784279069767465,-0.005275285714285705,0.13553487412587406,0.03445709803921566,-0.11722433333333333,0.009881422924901186,0.00027346118217149546,0.008275966808472875
0.0800744878957169,0.0830039525691699,0.097378277153558,0.0973282442748091,0.0704225352112676,0.1168186046511627,-0.0249214285714285,0.0306384615384615,0.0747254901960784,0.0286533333333333,0.018867924528301886,0.0001359742747892131,0.002850955741290451
0.0144927536231884,0.072463768115942,0.1587301587301587,0.1029411764705882,0.0958904109589041,-0.3612,0.2673,0.0339,0.2071428571428571,0.2861571428571428,0.00641025641025641,0.0027322148788786423,0.07257705891836733
0.09607454326178512,0.10391242027862495,0.0941920936604009,0.1282212706588427,0.08457665112126579,0.046642351586665104,-0.022836486999707816,-0.01668432812801235,-0.0003164261037748306,-0.07312328395061732,0.01996007984031936,0.00027225804504612926,0.001860718914124918
0.1587301587301587,0.2391304347826087,0.1240875912408759,0.1020408163265306,0.0925925925925925,0.3214850000000001,0.4214939393939394,0.3894823529411765,0.5370533333333333,0.47128,0.014084507042253521,0.003516059687816446,0.006659261202419579
0.07790743051675095,0.09902537343417618,0.10298122711832544,0.08923688753729839,0.05886657870449787,0.022757591572195694,-0.025657457707122817,0.02944918783458252,-0.045661193884961405,-0.05810446730681299,0.020657995409334353,0.0003173565092827735,0.0015780172263430733
0.0800744878957169,0.0830039525691699,0.097378277153558,0.0973282442748091,0.0704225352112676,0.1168186046511627,-0.0249214285714285,0.0306384615384615,0.0747254901960784,0.0286533333333333,0.004149377593360996,0.0001359742747892131,0.002850955741290451
0.0995144327636631,0.08654565597087942,0.12514306261103791,0.09893869408864417,0.04734247590808005,-0.05492177040583679,0.00776214285714287,-0.0761102763902764,-0.1773461274509804,-0.24182083333333332,0.015151515151515152,0.000806463343410309,0.009987709953043074
0.0833333333333333,0.16,0.0689655172413793,0.1282051282051282,0.1052631578947368,-0.1531,-0.093175,0.3193,0.19704,-0.4579,0.0125,0.001311305206521915,0.09387861369499999
0.27936507936507937,0.18206521739130435,0.14016879562043794,0.1760204081632653,0.1345315904139433,0.024359166666666737,0.09129696969696971,0.22206117647058826,0.04096666666666668,0.18630666666666668,0.020618556701030927,0.0033794731454065263,0.007696306885725215
0.1991701244813278,0.1584905660377358,0.1598360655737705,0.1909090909090909,0.1435185185185185,-0.4524687499999997,-0.384447619047619,-0.2999666666666666,-0.3524547619047617,-0.3436225806451612,0.03125,0.0005560967757439983,0.003215007522586303
0.08437723626357893,0.09172269521078688,0.0958336684436418,0.0914288622155678,0.06980467421074171,0.036589069767441806,-0.0022896943904189785,0.03455196377696375,0.016769321506380292,0.044540010240655376,0.030508474576271188,0.00010545965238260457,0.0003536258834585114
0.24165594165594162,0.16519151138716354,0.11984235336147706,0.14172137254133121,0.11612527610624959,-0.07726398941798931,0.01154940371456501,0.06286716339869285,-0.0111982380952381,-0.004963833333333334,0.05,0.0026296391389502355,0.0025332902570356437
0.0,0.0,0.0476190476190476,0.2857142857142857,0.0,0.0,0.0,-0.2263,-0.1906333333333333,0.0,0.03125,0.015419501133786848,0.01319651922222222
0.0,0.0,0.0,0.0,0.0,0.0,0.0,0.0,0.0,0.0,0.0,0.0,0.0
0.08805780885253439,0.09589419268670087,0.09254837885280649,0.1400227619658612,0.08190734469742968,0.018455526819923396,0.046351767676767706,0.15873439889086946,0.11333055555555553,-0.13019685185185184,0.047619047619047616,0.0005359183044786909,0.012234448332576295
0.04728362075945265,0.07773386034255594,0.12805421794185834,0.10013471037269865,0.08315647308508585,-0.12219069767441866,0.12118928571428574,0.03226923076923075,0.14093417366946775,0.15740523809523804,0.004576659038901602,0.0008839056902313816,0.013392344455736402
0.0,0.0,0.0,0.0,0.0,0.0,0.0,0.0,0.0,0.0,0.0,0.0,0.0
0.08408175078242919,0.09614292419273421,0.08886254128757856,0.0884267528241999,0.05964482547458664,0.10812316279069763,-0.003939714285714239,0.11515125874125871,0.01545196078431368,-0.010128000000000019,0.009746588693957114,0.00019556444399387735,0.003803247030510087
0.09958620689655169,0.15035840534171244,0.04544373471051915,0.05809046026437325,0.0621371192237334,0.14320416666666666,0.042006025039123596,0.08510434782608695,0.14280384615384623,0.03921724137931032,0.012195121951219513,0.0018195997957344671,0.0026310290261141313
0.0,0.0,0.0,0.0,0.0,0.0,0.0,0.0,0.0,0.0,0.0,0.0,0.0
0.0705882352941176,0.028169014084507,0.0555555555555555,0.0549450549450549,0.0754716981132075,-0.05385,-0.1806,0.0898249999999999,-0.22208,-0.033725,0.008695652173913044,0.00034084102740229304,0.015493194542499991
0.07917886616385242,0.09169272140955306,0.07058676654182265,0.09191807447811913,0.0643694625006721,-0.07877027906976744,-0.0708042857142857,0.011128554376657824,-0.047953759103641455,-0.045624333333333336,0.01037344398340249,0.0001528352398170806,0.0012389886017219235
0.0800744878957169,0.0830039525691699,0.097378277153558,0.0973282442748091,0.0704225352112676,0.1168186046511627,-0.0249214285714285,0.0306384615384615,0.0747254901960784,0.0286533333333333,0.024390243902439025,0.0001359742747892131,0.002850955741290451
0.0800744878957169,0.0830039525691699,0.097378277153558,0.0973282442748091,0.0704225352112676,0.1168186046511627,-0.0249214285714285,0.0306384615384615,0.0747254901960784,0.0286533333333333,0.04,0.0001359742747892131,0.002850955741290451
